variable,lead_day,lag,acf,band
max,1,1,0.51137163513517,0.10259108882768189
max,1,2,0.2933687407144856,0.10259108882768189
max,1,3,0.22980807493720998,0.10259108882768189
max,1,4,0.1914864770466847,0.10259108882768189
max,1,5,0.18306286310079126,0.10259108882768189
max,1,6,0.08413040037561414,0.10259108882768189
max,1,7,0.05468260970340731,0.10259108882768189
max,1,8,0.008642463739270086,0.10259108882768189
max,1,9,-0.059740177327539806,0.10259108882768189
max,1,10,-0.028542716584700725,0.10259108882768189
max,1,11,-0.03439494877559907,0.10259108882768189
max,1,12,0.02315639130751315,0.10259108882768189
max,1,13,0.06176607430272654,0.10259108882768189
max,1,14,0.016598975299278347,0.10259108882768189
max,2,1,0.5392248084863043,0.10259108882768189
max,2,2,0.36555096205374865,0.10259108882768189
max,2,3,0.2807587872026517,0.10259108882768189
max,2,4,0.2171929153023944,0.10259108882768189
max,2,5,0.18138928432008403,0.10259108882768189
max,2,6,0.06775973690349729,0.10259108882768189
max,2,7,0.04040844502982335,0.10259108882768189
max,2,8,0.0063750231418426995,0.10259108882768189
max,2,9,-0.015105497422706398,0.10259108882768189
max,2,10,-0.009631476978811013,0.10259108882768189
max,2,11,-0.005993337127099818,0.10259108882768189
max,2,12,0.04293965323274035,0.10259108882768189
max,2,13,0.06937328490509681,0.10259108882768189
max,2,14,0.018556152405488965,0.10259108882768189
min,1,1,0.23440069386841164,0.10259108882768189
min,1,2,0.08923412130928456,0.10259108882768189
min,1,3,0.12047279541440604,0.10259108882768189
min,1,4,0.10416098526395003,0.10259108882768189
min,1,5,0.0870553620234271,0.10259108882768189
min,1,6,0.029860011417444293,0.10259108882768189
min,1,7,-0.026179838264116916,0.10259108882768189
min,1,8,-0.03825844432308431,0.10259108882768189
min,1,9,0.01807989849867256,0.10259108882768189
min,1,10,-0.09572246128381359,0.10259108882768189
min,1,11,-0.04985539960451408,0.10259108882768189
min,1,12,-0.072090279658537,0.10259108882768189
min,1,13,0.00823972514083206,0.10259108882768189
min,1,14,0.04493029356488419,0.10259108882768189
min,2,1,0.31097085908230243,0.10259108882768189
min,2,2,0.18663003029769049,0.10259108882768189
min,2,3,0.11056128506411059,0.10259108882768189
min,2,4,0.1350342584758728,0.10259108882768189
min,2,5,0.09252181858907899,0.10259108882768189
min,2,6,0.01435963582213173,0.10259108882768189
min,2,7,-0.0029717225230461975,0.10259108882768189
min,2,8,-0.05577777174090079,0.10259108882768189
min,2,9,0.01988362874455469,0.10259108882768189
min,2,10,-0.1188715921287427,0.10259108882768189
min,2,11,-0.057511751001208,0.10259108882768189
min,2,12,-0.06698203631238278,0.10259108882768189
min,2,13,-0.03669099462915083,0.10259108882768189
min,2,14,0.023773887142756647,0.10259108882768189
min,3,1,0.2943016415001718,0.10259108882768189
min,3,2,0.16111582767357288,0.10259108882768189
min,3,3,0.12455093361009043,0.10259108882768189
min,3,4,0.1402554312703079,0.10259108882768189
min,3,5,0.0936099934922832,0.10259108882768189
min,3,6,-0.04339113014840943,0.10259108882768189
min,3,7,-0.03611324167241031,0.10259108882768189
min,3,8,-0.025118810831065097,0.10259108882768189
min,3,9,0.05420440608327803,0.10259108882768189
min,3,10,-0.09887876420614956,0.10259108882768189
min,3,11,-0.1028651692402484,0.10259108882768189
min,3,12,-0.0601921728553847,0.10259108882768189
min,3,13,-0.027259366512819856,0.10259108882768189
min,3,14,0.02829360686265797,0.10259108882768189
