series,variable,lead_day,p,phi,sigma2,mean
pooled,max,1,1,0.5113716351,0.8471573125480207,-0.10424001660440003
pooled,max,2,2,0.4823646413;0.1054479807,1.1220112529775035,-0.13019435450394345
pooled,min,1,1,0.2344006939,0.5689009140869793,-0.03513787186937875
pooled,min,2,2,0.2800123584;0.09955434666,0.6708695918662805,-0.03571459803514601
pooled,min,3,6,0.2602128406;0.06723984481;0.04294789501;0.08795314297;0.04860335024;-0.1110042955,0.8108316286259618,-0.05749887920298881
station:KORD,max,1,2,0.2320034829;0.1062507039,8.208002278180766,-0.1328888888888887
station:KORD,max,2,1,0.3259246057,11.052995422185763,-0.1858888888888887
station:KMIA,min,1,1,0.3431055949,2.784887039138829,0.0003519061583575762
station:KSEA,min,2,2,0.1962893549;0.09640116525,3.1367425949574756,0.06994505494505458
station:KSLC,min,3,1,0.3349960121,10.195670856169876,-1.182814371257485
