block_days,series,variable,lead_day,coverage
14,pooled,max,1,0.91
14,pooled,max,2,0.9175
14,pooled,min,1,0.9225
14,pooled,min,2,0.9075
14,pooled,min,3,0.93
14,station:KORD,max,1,0.93
14,station:KORD,max,2,0.9375
14,station:KMIA,min,1,0.9275
14,station:KSEA,min,2,0.91
14,station:KSLC,min,3,0.935
1,pooled,max,1,0.7475
1,pooled,max,2,0.6475
1,pooled,min,1,0.8525
1,pooled,min,2,0.7875
1,pooled,min,3,0.8225
1,station:KORD,max,1,0.855
1,station:KORD,max,2,0.845
1,station:KMIA,min,1,0.82
1,station:KSEA,min,2,0.8175
1,station:KSLC,min,3,0.835
