series,variable,lead_day,n_dates,block_days,n_blocks,coverage
pooled,max,1,30,1,30,0.6825
pooled,max,1,30,7,5,0.7825
pooled,max,1,30,14,3,0.7475
pooled,max,1,90,1,90,0.7125
pooled,max,1,90,7,13,0.8725
pooled,max,1,90,14,7,0.86
pooled,max,1,365,1,365,0.7525
pooled,max,1,365,7,53,0.905
pooled,max,1,365,14,27,0.91
pooled,max,2,30,1,30,0.6525
pooled,max,2,30,7,5,0.7775
pooled,max,2,30,14,3,0.755
pooled,max,2,90,1,90,0.6725
pooled,max,2,90,7,13,0.8475
pooled,max,2,90,14,7,0.8425
pooled,max,2,365,1,365,0.68
pooled,max,2,365,7,53,0.9025
pooled,max,2,365,14,27,0.9375
pooled,min,1,30,1,30,0.82
pooled,min,1,30,7,5,0.775
pooled,min,1,30,14,3,0.7325
pooled,min,1,90,1,90,0.88
pooled,min,1,90,7,13,0.9025
pooled,min,1,90,14,7,0.8725
pooled,min,1,365,1,365,0.8875
pooled,min,1,365,7,53,0.9275
pooled,min,1,365,14,27,0.93
pooled,min,2,30,1,30,0.8
pooled,min,2,30,7,5,0.8025
pooled,min,2,30,14,3,0.7625
pooled,min,2,90,1,90,0.765
pooled,min,2,90,7,13,0.9025
pooled,min,2,90,14,7,0.8675
pooled,min,2,365,1,365,0.8
pooled,min,2,365,7,53,0.9125
pooled,min,2,365,14,27,0.92
pooled,min,3,30,1,30,0.75
pooled,min,3,30,7,5,0.7875
pooled,min,3,30,14,3,0.7625
pooled,min,3,90,1,90,0.7775
pooled,min,3,90,7,13,0.8975
pooled,min,3,90,14,7,0.87
pooled,min,3,365,1,365,0.81
pooled,min,3,365,7,53,0.92
pooled,min,3,365,14,27,0.9225
station:KORD,max,1,30,1,30,0.7775
station:KORD,max,1,30,7,5,0.8125
station:KORD,max,1,30,14,3,0.76
station:KORD,max,1,90,1,90,0.825
station:KORD,max,1,90,7,13,0.895
station:KORD,max,1,90,14,7,0.8725
station:KORD,max,1,365,1,365,0.82
station:KORD,max,1,365,7,53,0.9325
station:KORD,max,1,365,14,27,0.9375
station:KORD,max,2,30,1,30,0.8225
station:KORD,max,2,30,7,5,0.835
station:KORD,max,2,30,14,3,0.7275
station:KORD,max,2,90,1,90,0.8375
station:KORD,max,2,90,7,13,0.9075
station:KORD,max,2,90,14,7,0.885
station:KORD,max,2,365,1,365,0.8625
station:KORD,max,2,365,7,53,0.9475
station:KORD,max,2,365,14,27,0.9525
station:KMIA,min,1,30,1,30,0.82
station:KMIA,min,1,30,7,5,0.8375
station:KMIA,min,1,30,14,3,0.775
station:KMIA,min,1,90,1,90,0.845
station:KMIA,min,1,90,7,13,0.9025
station:KMIA,min,1,90,14,7,0.8675
station:KMIA,min,1,365,1,365,0.83
station:KMIA,min,1,365,7,53,0.9225
station:KMIA,min,1,365,14,27,0.92
station:KSEA,min,2,30,1,30,0.815
station:KSEA,min,2,30,7,5,0.81
station:KSEA,min,2,30,14,3,0.7975
station:KSEA,min,2,90,1,90,0.795
station:KSEA,min,2,90,7,13,0.885
station:KSEA,min,2,90,14,7,0.8575
station:KSEA,min,2,365,1,365,0.8275
station:KSEA,min,2,365,7,53,0.89
station:KSEA,min,2,365,14,27,0.905
station:KSLC,min,3,30,1,30,0.8075
station:KSLC,min,3,30,7,5,0.795
station:KSLC,min,3,30,14,3,0.7775
station:KSLC,min,3,90,1,90,0.78
station:KSLC,min,3,90,7,13,0.8775
station:KSLC,min,3,90,14,7,0.8325
station:KSLC,min,3,365,1,365,0.8225
station:KSLC,min,3,365,7,53,0.9225
station:KSLC,min,3,365,14,27,0.905
