station,variable,lead_day,n_dates,n_missing,excluded_from_median,b_station,is_upper_median
KATL,max,1,363,2,false,6.648893591350149,false
KBIS,max,1,343,22,false,6.433068948875995,false
KBOS,max,1,358,7,false,0.44631392779990636,false
KDEN,max,1,362,3,false,5.649736286290709,false
KMIA,max,1,348,17,false,4.32263516130624,false
KMSP,max,1,355,10,false,6.83657777015414,false
KOKC,max,1,358,7,false,6.8462785657868,false
KORD,max,1,360,5,false,6.801062935386338,true
KPHX,max,1,359,6,false,5.4741613536208,false
KSEA,max,1,364,1,false,7.047780929556596,false
KSFO,max,1,360,5,false,14.41963283835635,false
KSLC,max,1,333,32,false,8.987802875095461,false
KATL,max,2,363,2,false,8.929112616886812,false
KBIS,max,2,343,22,false,6.70135652476004,false
KBOS,max,2,358,7,false,3.4920538410315554,false
KDEN,max,2,362,3,false,5.9835309399005805,false
KMIA,max,2,348,17,false,5.866193872481622,false
KMSP,max,2,355,10,false,7.9035384620866065,false
KOKC,max,2,358,7,false,8.270782654494585,false
KORD,max,2,360,5,false,7.11997289760404,true
KPHX,max,2,359,6,false,6.568039314416097,false
KSEA,max,2,364,1,false,6.34350044224243,false
KSFO,max,2,360,5,false,14.278772639868965,false
KSLC,max,2,334,31,false,8.88313177945635,false
KATL,min,1,363,2,false,6.317304367833992,false
KBIS,min,1,344,21,false,2.9560279802256986,false
KBOS,min,1,355,10,false,10.32794923423472,false
KDEN,min,1,362,3,false,6.337742730432242,false
KMIA,min,1,341,24,false,6.007519277534578,true
KMSP,min,1,359,6,false,5.208499076121775,false
KOKC,min,1,356,9,false,2.8120405922246867,false
KORD,min,1,363,2,false,2.446302243901049,false
KPHX,min,1,361,4,false,5.807027343041741,false
KSEA,min,1,364,1,false,6.612886553530115,false
KSFO,min,1,363,2,false,5.440415507748694,false
KSLC,min,1,333,32,false,8.628040195223681,false
KATL,min,2,363,2,false,8.780629250751083,false
KBIS,min,2,344,21,false,6.56993420557906,false
KBOS,min,2,355,10,false,6.542495881596193,false
KDEN,min,2,362,3,false,7.356689402793229,false
KMIA,min,2,341,24,false,8.55365572404466,false
KMSP,min,2,359,6,false,6.105415913462709,false
KOKC,min,2,356,9,false,5.416321820524281,false
KORD,min,2,363,2,false,3.081329383306185,false
KPHX,min,2,361,4,false,5.114133825971141,false
KSEA,min,2,364,1,false,6.577712641566486,true
KSFO,min,2,363,2,false,9.180089602043784,false
KSLC,min,2,334,31,false,8.437204968560458,false
KATL,min,3,363,2,false,9.21417130914614,false
KBIS,min,3,344,21,false,6.663667805597502,false
KBOS,min,3,355,10,false,9.933566729725602,false
KDEN,min,3,362,3,false,7.698609659554817,false
KMIA,min,3,341,24,false,8.534077235901558,false
KMSP,min,3,359,6,false,6.120693007857181,false
KOKC,min,3,356,9,false,3.0983735944127084,false
KORD,min,3,363,2,false,10.943142113136329,false
KPHX,min,3,361,4,false,4.888870867479019,false
KSEA,min,3,364,1,false,7.1455071336688905,false
KSFO,min,3,363,2,false,11.991171403817592,false
KSLC,min,3,334,31,false,8.467357266550211,true
