run_utc,exists,header_version,header_line
2023-01-15T00:00Z,True,4.0,086092  NBM V4.0 NBS GUIDANCE    1/15/2023  0000 UTC
2023-01-15T01:00Z,True,4.0,086092  NBM V4.0 NBS GUIDANCE    1/15/2023  0100 UTC
2023-01-15T02:00Z,True,4.0,086092  NBM V4.0 NBS GUIDANCE    1/15/2023  0200 UTC
2023-01-15T03:00Z,True,4.0,086092  NBM V4.0 NBS GUIDANCE    1/15/2023  0300 UTC
2023-01-15T04:00Z,True,4.0,086092  NBM V4.0 NBS GUIDANCE    1/15/2023  0400 UTC
2023-01-15T05:00Z,True,4.0,086092  NBM V4.0 NBS GUIDANCE    1/15/2023  0500 UTC
2023-01-15T06:00Z,True,4.0,086092  NBM V4.0 NBS GUIDANCE    1/15/2023  0600 UTC
2023-01-15T07:00Z,True,4.0,086092  NBM V4.0 NBS GUIDANCE    1/15/2023  0700 UTC
2023-01-15T08:00Z,True,4.0,086092  NBM V4.0 NBS GUIDANCE    1/15/2023  0800 UTC
2023-01-15T09:00Z,True,4.0,086092  NBM V4.0 NBS GUIDANCE    1/15/2023  0900 UTC
2023-01-15T10:00Z,True,4.0,086092  NBM V4.0 NBS GUIDANCE    1/15/2023  1000 UTC
2023-01-15T11:00Z,True,4.0,086092  NBM V4.0 NBS GUIDANCE    1/15/2023  1100 UTC
2023-01-15T12:00Z,True,4.0,086092  NBM V4.0 NBS GUIDANCE    1/15/2023  1200 UTC
2023-01-15T13:00Z,True,4.0,086092  NBM V4.0 NBS GUIDANCE    1/15/2023  1300 UTC
2023-01-15T14:00Z,True,4.0,086092  NBM V4.0 NBS GUIDANCE    1/15/2023  1400 UTC
2023-01-15T15:00Z,True,4.0,086092  NBM V4.0 NBS GUIDANCE    1/15/2023  1500 UTC
2023-01-15T16:00Z,True,4.0,086092  NBM V4.0 NBS GUIDANCE    1/15/2023  1600 UTC
2023-01-15T17:00Z,True,4.0,086092  NBM V4.0 NBS GUIDANCE    1/15/2023  1700 UTC
2023-01-15T18:00Z,True,4.0,086092  NBM V4.0 NBS GUIDANCE    1/15/2023  1800 UTC
2023-01-15T19:00Z,True,4.0,086092  NBM V4.0 NBS GUIDANCE    1/15/2023  1900 UTC
2023-01-15T20:00Z,True,4.0,086092  NBM V4.0 NBS GUIDANCE    1/15/2023  2000 UTC
2023-01-15T21:00Z,True,4.0,086092  NBM V4.0 NBS GUIDANCE    1/15/2023  2100 UTC
2023-01-15T22:00Z,True,4.0,086092  NBM V4.0 NBS GUIDANCE    1/15/2023  2200 UTC
2023-01-15T23:00Z,True,4.0,086092  NBM V4.0 NBS GUIDANCE    1/15/2023  2300 UTC
2023-01-16T00:00Z,True,4.0,086092  NBM V4.0 NBS GUIDANCE    1/16/2023  0000 UTC
2023-01-16T01:00Z,True,4.0,086092  NBM V4.0 NBS GUIDANCE    1/16/2023  0100 UTC
2023-01-16T02:00Z,True,4.0,086092  NBM V4.0 NBS GUIDANCE    1/16/2023  0200 UTC
2023-01-16T03:00Z,True,4.0,086092  NBM V4.0 NBS GUIDANCE    1/16/2023  0300 UTC
2023-01-16T04:00Z,True,4.0,086092  NBM V4.0 NBS GUIDANCE    1/16/2023  0400 UTC
2023-01-16T05:00Z,True,4.0,086092  NBM V4.0 NBS GUIDANCE    1/16/2023  0500 UTC
2023-01-16T06:00Z,True,4.0,086092  NBM V4.0 NBS GUIDANCE    1/16/2023  0600 UTC
2023-01-16T07:00Z,True,4.0,086092  NBM V4.0 NBS GUIDANCE    1/16/2023  0700 UTC
2023-01-16T08:00Z,True,4.0,086092  NBM V4.0 NBS GUIDANCE    1/16/2023  0800 UTC
2023-01-16T09:00Z,True,4.0,086092  NBM V4.0 NBS GUIDANCE    1/16/2023  0900 UTC
2023-01-16T10:00Z,True,4.0,086092  NBM V4.0 NBS GUIDANCE    1/16/2023  1000 UTC
2023-01-16T11:00Z,True,4.0,086092  NBM V4.0 NBS GUIDANCE    1/16/2023  1100 UTC
2023-01-16T12:00Z,True,4.0,086092  NBM V4.0 NBS GUIDANCE    1/16/2023  1200 UTC
2023-01-16T13:00Z,True,4.0,086092  NBM V4.0 NBS GUIDANCE    1/16/2023  1300 UTC
2023-01-16T14:00Z,True,4.0,086092  NBM V4.0 NBS GUIDANCE    1/16/2023  1400 UTC
2023-01-16T15:00Z,True,4.0,086092  NBM V4.0 NBS GUIDANCE    1/16/2023  1500 UTC
2023-01-16T16:00Z,True,4.0,086092  NBM V4.0 NBS GUIDANCE    1/16/2023  1600 UTC
2023-01-16T17:00Z,True,4.0,086092  NBM V4.0 NBS GUIDANCE    1/16/2023  1700 UTC
2023-01-16T18:00Z,True,4.0,086092  NBM V4.0 NBS GUIDANCE    1/16/2023  1800 UTC
2023-01-16T19:00Z,True,4.0,086092  NBM V4.0 NBS GUIDANCE    1/16/2023  1900 UTC
2023-01-16T20:00Z,True,4.0,086092  NBM V4.0 NBS GUIDANCE    1/16/2023  2000 UTC
2023-01-16T21:00Z,True,4.0,086092  NBM V4.0 NBS GUIDANCE    1/16/2023  2100 UTC
2023-01-16T22:00Z,True,4.0,086092  NBM V4.0 NBS GUIDANCE    1/16/2023  2200 UTC
2023-01-16T23:00Z,True,4.0,086092  NBM V4.0 NBS GUIDANCE    1/16/2023  2300 UTC
2023-01-17T00:00Z,True,4.0,086092  NBM V4.0 NBS GUIDANCE    1/17/2023  0000 UTC
2023-01-17T01:00Z,True,4.0,086092  NBM V4.0 NBS GUIDANCE    1/17/2023  0100 UTC
2023-01-17T02:00Z,True,4.0,086092  NBM V4.0 NBS GUIDANCE    1/17/2023  0200 UTC
2023-01-17T03:00Z,True,4.0,086092  NBM V4.0 NBS GUIDANCE    1/17/2023  0300 UTC
2023-01-17T04:00Z,True,4.0,086092  NBM V4.0 NBS GUIDANCE    1/17/2023  0400 UTC
2023-01-17T05:00Z,True,4.0,086092  NBM V4.0 NBS GUIDANCE    1/17/2023  0500 UTC
2023-01-17T06:00Z,True,4.0,086092  NBM V4.0 NBS GUIDANCE    1/17/2023  0600 UTC
2023-01-17T07:00Z,True,4.0,086092  NBM V4.0 NBS GUIDANCE    1/17/2023  0700 UTC
2023-01-17T08:00Z,True,4.0,086092  NBM V4.0 NBS GUIDANCE    1/17/2023  0800 UTC
2023-01-17T09:00Z,True,4.0,086092  NBM V4.0 NBS GUIDANCE    1/17/2023  0900 UTC
2023-01-17T10:00Z,True,4.0,086092  NBM V4.0 NBS GUIDANCE    1/17/2023  1000 UTC
2023-01-17T11:00Z,True,4.0,086092  NBM V4.0 NBS GUIDANCE    1/17/2023  1100 UTC
2023-01-17T12:00Z,True,4.1,086092  NBM V4.1 NBS GUIDANCE    1/17/2023  1200 UTC
2023-01-17T13:00Z,True,4.1,086092  NBM V4.1 NBS GUIDANCE    1/17/2023  1300 UTC
2023-01-17T14:00Z,True,4.1,086092  NBM V4.1 NBS GUIDANCE    1/17/2023  1400 UTC
2023-01-17T15:00Z,True,4.1,086092  NBM V4.1 NBS GUIDANCE    1/17/2023  1500 UTC
2023-01-17T16:00Z,True,4.1,086092  NBM V4.1 NBS GUIDANCE    1/17/2023  1600 UTC
2023-01-17T17:00Z,True,4.1,086092  NBM V4.1 NBS GUIDANCE    1/17/2023  1700 UTC
2023-01-17T18:00Z,True,4.1,086092  NBM V4.1 NBS GUIDANCE    1/17/2023  1800 UTC
2023-01-17T19:00Z,True,4.1,086092  NBM V4.1 NBS GUIDANCE    1/17/2023  1900 UTC
2023-01-17T20:00Z,True,4.1,086092  NBM V4.1 NBS GUIDANCE    1/17/2023  2000 UTC
2023-01-17T21:00Z,True,4.1,086092  NBM V4.1 NBS GUIDANCE    1/17/2023  2100 UTC
2023-01-17T22:00Z,True,4.1,086092  NBM V4.1 NBS GUIDANCE    1/17/2023  2200 UTC
2023-01-17T23:00Z,True,4.1,086092  NBM V4.1 NBS GUIDANCE    1/17/2023  2300 UTC
2023-01-18T00:00Z,True,4.1,086092  NBM V4.1 NBS GUIDANCE    1/18/2023  0000 UTC
2023-01-18T01:00Z,True,4.1,086092  NBM V4.1 NBS GUIDANCE    1/18/2023  0100 UTC
2023-01-18T02:00Z,True,4.1,086092  NBM V4.1 NBS GUIDANCE    1/18/2023  0200 UTC
2023-01-18T03:00Z,True,4.1,086092  NBM V4.1 NBS GUIDANCE    1/18/2023  0300 UTC
2023-01-18T04:00Z,True,4.1,086092  NBM V4.1 NBS GUIDANCE    1/18/2023  0400 UTC
2023-01-18T05:00Z,True,4.1,086092  NBM V4.1 NBS GUIDANCE    1/18/2023  0500 UTC
2023-01-18T06:00Z,True,4.1,086092  NBM V4.1 NBS GUIDANCE    1/18/2023  0600 UTC
2023-01-18T07:00Z,True,4.1,086092  NBM V4.1 NBS GUIDANCE    1/18/2023  0700 UTC
2023-01-18T08:00Z,True,4.1,086092  NBM V4.1 NBS GUIDANCE    1/18/2023  0800 UTC
2023-01-18T09:00Z,True,4.1,086092  NBM V4.1 NBS GUIDANCE    1/18/2023  0900 UTC
2023-01-18T10:00Z,True,4.1,086092  NBM V4.1 NBS GUIDANCE    1/18/2023  1000 UTC
2023-01-18T11:00Z,True,4.1,086092  NBM V4.1 NBS GUIDANCE    1/18/2023  1100 UTC
2023-01-18T12:00Z,True,4.1,086092  NBM V4.1 NBS GUIDANCE    1/18/2023  1200 UTC
2023-01-18T13:00Z,True,4.1,086092  NBM V4.1 NBS GUIDANCE    1/18/2023  1300 UTC
2023-01-18T14:00Z,True,4.1,086092  NBM V4.1 NBS GUIDANCE    1/18/2023  1400 UTC
2023-01-18T15:00Z,True,4.1,086092  NBM V4.1 NBS GUIDANCE    1/18/2023  1500 UTC
2023-01-18T16:00Z,True,4.1,086092  NBM V4.1 NBS GUIDANCE    1/18/2023  1600 UTC
2023-01-18T17:00Z,True,4.1,086092  NBM V4.1 NBS GUIDANCE    1/18/2023  1700 UTC
2023-01-18T18:00Z,True,4.1,086092  NBM V4.1 NBS GUIDANCE    1/18/2023  1800 UTC
2023-01-18T19:00Z,True,4.1,086092  NBM V4.1 NBS GUIDANCE    1/18/2023  1900 UTC
2023-01-18T20:00Z,True,4.1,086092  NBM V4.1 NBS GUIDANCE    1/18/2023  2000 UTC
2023-01-18T21:00Z,True,4.1,086092  NBM V4.1 NBS GUIDANCE    1/18/2023  2100 UTC
2023-01-18T22:00Z,True,4.1,086092  NBM V4.1 NBS GUIDANCE    1/18/2023  2200 UTC
2023-01-18T23:00Z,True,4.1,086092  NBM V4.1 NBS GUIDANCE    1/18/2023  2300 UTC
2023-01-19T00:00Z,True,4.1,086092  NBM V4.1 NBS GUIDANCE    1/19/2023  0000 UTC
2023-01-19T01:00Z,True,4.1,086092  NBM V4.1 NBS GUIDANCE    1/19/2023  0100 UTC
2023-01-19T02:00Z,True,4.1,086092  NBM V4.1 NBS GUIDANCE    1/19/2023  0200 UTC
2023-01-19T03:00Z,True,4.1,086092  NBM V4.1 NBS GUIDANCE    1/19/2023  0300 UTC
2023-01-19T04:00Z,True,4.1,086092  NBM V4.1 NBS GUIDANCE    1/19/2023  0400 UTC
2023-01-19T05:00Z,True,4.1,086092  NBM V4.1 NBS GUIDANCE    1/19/2023  0500 UTC
2023-01-19T06:00Z,True,4.1,086092  NBM V4.1 NBS GUIDANCE    1/19/2023  0600 UTC
2023-01-19T07:00Z,True,4.1,086092  NBM V4.1 NBS GUIDANCE    1/19/2023  0700 UTC
2023-01-19T08:00Z,True,4.1,086092  NBM V4.1 NBS GUIDANCE    1/19/2023  0800 UTC
2023-01-19T09:00Z,True,4.1,086092  NBM V4.1 NBS GUIDANCE    1/19/2023  0900 UTC
2023-01-19T10:00Z,True,4.1,086092  NBM V4.1 NBS GUIDANCE    1/19/2023  1000 UTC
2023-01-19T11:00Z,True,4.1,086092  NBM V4.1 NBS GUIDANCE    1/19/2023  1100 UTC
2023-01-19T12:00Z,True,4.1,086092  NBM V4.1 NBS GUIDANCE    1/19/2023  1200 UTC
2023-01-19T13:00Z,True,4.1,086092  NBM V4.1 NBS GUIDANCE    1/19/2023  1300 UTC
2023-01-19T14:00Z,True,4.1,086092  NBM V4.1 NBS GUIDANCE    1/19/2023  1400 UTC
2023-01-19T15:00Z,True,4.1,086092  NBM V4.1 NBS GUIDANCE    1/19/2023  1500 UTC
2023-01-19T16:00Z,True,4.1,086092  NBM V4.1 NBS GUIDANCE    1/19/2023  1600 UTC
2023-01-19T17:00Z,True,4.1,086092  NBM V4.1 NBS GUIDANCE    1/19/2023  1700 UTC
2023-01-19T18:00Z,True,4.1,086092  NBM V4.1 NBS GUIDANCE    1/19/2023  1800 UTC
2023-01-19T19:00Z,True,4.1,086092  NBM V4.1 NBS GUIDANCE    1/19/2023  1900 UTC
2023-01-19T20:00Z,True,4.1,086092  NBM V4.1 NBS GUIDANCE    1/19/2023  2000 UTC
2023-01-19T21:00Z,True,4.1,086092  NBM V4.1 NBS GUIDANCE    1/19/2023  2100 UTC
2023-01-19T22:00Z,True,4.1,086092  NBM V4.1 NBS GUIDANCE    1/19/2023  2200 UTC
2023-01-19T23:00Z,True,4.1,086092  NBM V4.1 NBS GUIDANCE    1/19/2023  2300 UTC
2023-01-20T00:00Z,True,4.1,086092  NBM V4.1 NBS GUIDANCE    1/20/2023  0000 UTC
2023-01-20T01:00Z,True,4.1,086092  NBM V4.1 NBS GUIDANCE    1/20/2023  0100 UTC
2023-01-20T02:00Z,True,4.1,086092  NBM V4.1 NBS GUIDANCE    1/20/2023  0200 UTC
2023-01-20T03:00Z,True,4.1,086092  NBM V4.1 NBS GUIDANCE    1/20/2023  0300 UTC
2023-01-20T04:00Z,True,4.1,086092  NBM V4.1 NBS GUIDANCE    1/20/2023  0400 UTC
2023-01-20T05:00Z,True,4.1,086092  NBM V4.1 NBS GUIDANCE    1/20/2023  0500 UTC
2023-01-20T06:00Z,True,4.1,086092  NBM V4.1 NBS GUIDANCE    1/20/2023  0600 UTC
2023-01-20T07:00Z,True,4.1,086092  NBM V4.1 NBS GUIDANCE    1/20/2023  0700 UTC
2023-01-20T08:00Z,True,4.1,086092  NBM V4.1 NBS GUIDANCE    1/20/2023  0800 UTC
2023-01-20T09:00Z,True,4.1,086092  NBM V4.1 NBS GUIDANCE    1/20/2023  0900 UTC
2023-01-20T10:00Z,True,4.1,086092  NBM V4.1 NBS GUIDANCE    1/20/2023  1000 UTC
2023-01-20T11:00Z,True,4.1,086092  NBM V4.1 NBS GUIDANCE    1/20/2023  1100 UTC
2023-01-20T12:00Z,True,4.1,086092  NBM V4.1 NBS GUIDANCE    1/20/2023  1200 UTC
2023-01-20T13:00Z,True,4.1,086092  NBM V4.1 NBS GUIDANCE    1/20/2023  1300 UTC
2023-01-20T14:00Z,True,4.1,086092  NBM V4.1 NBS GUIDANCE    1/20/2023  1400 UTC
2023-01-20T15:00Z,True,4.1,086092  NBM V4.1 NBS GUIDANCE    1/20/2023  1500 UTC
2023-01-20T16:00Z,True,4.1,086092  NBM V4.1 NBS GUIDANCE    1/20/2023  1600 UTC
2023-01-20T17:00Z,True,4.1,086092  NBM V4.1 NBS GUIDANCE    1/20/2023  1700 UTC
2023-01-20T18:00Z,True,4.1,086092  NBM V4.1 NBS GUIDANCE    1/20/2023  1800 UTC
2023-01-20T19:00Z,True,4.1,086092  NBM V4.1 NBS GUIDANCE    1/20/2023  1900 UTC
2023-01-20T20:00Z,True,4.1,086092  NBM V4.1 NBS GUIDANCE    1/20/2023  2000 UTC
2023-01-20T21:00Z,True,4.1,086092  NBM V4.1 NBS GUIDANCE    1/20/2023  2100 UTC
2023-01-20T22:00Z,True,4.1,086092  NBM V4.1 NBS GUIDANCE    1/20/2023  2200 UTC
2023-01-20T23:00Z,True,4.1,086092  NBM V4.1 NBS GUIDANCE    1/20/2023  2300 UTC
2023-01-21T00:00Z,True,4.1,086092  NBM V4.1 NBS GUIDANCE    1/21/2023  0000 UTC
2023-01-21T01:00Z,True,4.1,086092  NBM V4.1 NBS GUIDANCE    1/21/2023  0100 UTC
2023-01-21T02:00Z,True,4.1,086092  NBM V4.1 NBS GUIDANCE    1/21/2023  0200 UTC
2023-01-21T03:00Z,True,4.1,086092  NBM V4.1 NBS GUIDANCE    1/21/2023  0300 UTC
2023-01-21T04:00Z,True,4.1,086092  NBM V4.1 NBS GUIDANCE    1/21/2023  0400 UTC
2023-01-21T05:00Z,True,4.1,086092  NBM V4.1 NBS GUIDANCE    1/21/2023  0500 UTC
2023-01-21T06:00Z,True,4.1,086092  NBM V4.1 NBS GUIDANCE    1/21/2023  0600 UTC
2023-01-21T07:00Z,True,4.1,086092  NBM V4.1 NBS GUIDANCE    1/21/2023  0700 UTC
2023-01-21T08:00Z,True,4.1,086092  NBM V4.1 NBS GUIDANCE    1/21/2023  0800 UTC
2023-01-21T09:00Z,True,4.1,086092  NBM V4.1 NBS GUIDANCE    1/21/2023  0900 UTC
2023-01-21T10:00Z,True,4.1,086092  NBM V4.1 NBS GUIDANCE    1/21/2023  1000 UTC
2023-01-21T11:00Z,True,4.1,086092  NBM V4.1 NBS GUIDANCE    1/21/2023  1100 UTC
2023-01-21T12:00Z,True,4.1,086092  NBM V4.1 NBS GUIDANCE    1/21/2023  1200 UTC
2023-01-21T13:00Z,True,4.1,086092  NBM V4.1 NBS GUIDANCE    1/21/2023  1300 UTC
2023-01-21T14:00Z,True,4.1,086092  NBM V4.1 NBS GUIDANCE    1/21/2023  1400 UTC
2023-01-21T15:00Z,True,4.1,086092  NBM V4.1 NBS GUIDANCE    1/21/2023  1500 UTC
2023-01-21T16:00Z,True,4.1,086092  NBM V4.1 NBS GUIDANCE    1/21/2023  1600 UTC
2023-01-21T17:00Z,True,4.1,086092  NBM V4.1 NBS GUIDANCE    1/21/2023  1700 UTC
2023-01-21T18:00Z,True,4.1,086092  NBM V4.1 NBS GUIDANCE    1/21/2023  1800 UTC
2023-01-21T19:00Z,True,4.1,086092  NBM V4.1 NBS GUIDANCE    1/21/2023  1900 UTC
2023-01-21T20:00Z,True,4.1,086092  NBM V4.1 NBS GUIDANCE    1/21/2023  2000 UTC
2023-01-21T21:00Z,True,4.1,086092  NBM V4.1 NBS GUIDANCE    1/21/2023  2100 UTC
2023-01-21T22:00Z,True,4.1,086092  NBM V4.1 NBS GUIDANCE    1/21/2023  2200 UTC
2023-01-21T23:00Z,True,4.1,086092  NBM V4.1 NBS GUIDANCE    1/21/2023  2300 UTC
2023-01-22T00:00Z,True,4.1,086092  NBM V4.1 NBS GUIDANCE    1/22/2023  0000 UTC
2023-01-22T01:00Z,True,4.1,086092  NBM V4.1 NBS GUIDANCE    1/22/2023  0100 UTC
2023-01-22T02:00Z,True,4.1,086092  NBM V4.1 NBS GUIDANCE    1/22/2023  0200 UTC
2023-01-22T03:00Z,True,4.1,086092  NBM V4.1 NBS GUIDANCE    1/22/2023  0300 UTC
2023-01-22T04:00Z,True,4.1,086092  NBM V4.1 NBS GUIDANCE    1/22/2023  0400 UTC
2023-01-22T05:00Z,True,4.1,086092  NBM V4.1 NBS GUIDANCE    1/22/2023  0500 UTC
2023-01-22T06:00Z,True,4.1,086092  NBM V4.1 NBS GUIDANCE    1/22/2023  0600 UTC
2023-01-22T07:00Z,True,4.1,086092  NBM V4.1 NBS GUIDANCE    1/22/2023  0700 UTC
2023-01-22T08:00Z,True,4.1,086092  NBM V4.1 NBS GUIDANCE    1/22/2023  0800 UTC
2023-01-22T09:00Z,True,4.1,086092  NBM V4.1 NBS GUIDANCE    1/22/2023  0900 UTC
2023-01-22T10:00Z,True,4.1,086092  NBM V4.1 NBS GUIDANCE    1/22/2023  1000 UTC
2023-01-22T11:00Z,True,4.1,086092  NBM V4.1 NBS GUIDANCE    1/22/2023  1100 UTC
2023-01-22T12:00Z,True,4.1,086092  NBM V4.1 NBS GUIDANCE    1/22/2023  1200 UTC
2023-01-22T13:00Z,True,4.1,086092  NBM V4.1 NBS GUIDANCE    1/22/2023  1300 UTC
2023-01-22T14:00Z,True,4.1,086092  NBM V4.1 NBS GUIDANCE    1/22/2023  1400 UTC
2023-01-22T15:00Z,True,4.1,086092  NBM V4.1 NBS GUIDANCE    1/22/2023  1500 UTC
2023-01-22T16:00Z,True,4.1,086092  NBM V4.1 NBS GUIDANCE    1/22/2023  1600 UTC
2023-01-22T17:00Z,True,4.1,086092  NBM V4.1 NBS GUIDANCE    1/22/2023  1700 UTC
2023-01-22T18:00Z,True,4.1,086092  NBM V4.1 NBS GUIDANCE    1/22/2023  1800 UTC
2023-01-22T19:00Z,True,4.1,086092  NBM V4.1 NBS GUIDANCE    1/22/2023  1900 UTC
2023-01-22T20:00Z,True,4.1,086092  NBM V4.1 NBS GUIDANCE    1/22/2023  2000 UTC
2023-01-22T21:00Z,True,4.1,086092  NBM V4.1 NBS GUIDANCE    1/22/2023  2100 UTC
2023-01-22T22:00Z,True,4.1,086092  NBM V4.1 NBS GUIDANCE    1/22/2023  2200 UTC
2023-01-22T23:00Z,True,4.1,086092  NBM V4.1 NBS GUIDANCE    1/22/2023  2300 UTC
2023-01-23T00:00Z,True,4.1,086092  NBM V4.1 NBS GUIDANCE    1/23/2023  0000 UTC
2023-01-23T01:00Z,True,4.1,086092  NBM V4.1 NBS GUIDANCE    1/23/2023  0100 UTC
2023-01-23T02:00Z,True,4.1,086092  NBM V4.1 NBS GUIDANCE    1/23/2023  0200 UTC
2023-01-23T03:00Z,True,4.1,086092  NBM V4.1 NBS GUIDANCE    1/23/2023  0300 UTC
2023-01-23T04:00Z,True,4.1,086092  NBM V4.1 NBS GUIDANCE    1/23/2023  0400 UTC
2023-01-23T05:00Z,True,4.1,086092  NBM V4.1 NBS GUIDANCE    1/23/2023  0500 UTC
2023-01-23T06:00Z,True,4.1,086092  NBM V4.1 NBS GUIDANCE    1/23/2023  0600 UTC
2023-01-23T07:00Z,True,4.1,086092  NBM V4.1 NBS GUIDANCE    1/23/2023  0700 UTC
2023-01-23T08:00Z,True,4.1,086092  NBM V4.1 NBS GUIDANCE    1/23/2023  0800 UTC
2023-01-23T09:00Z,True,4.1,086092  NBM V4.1 NBS GUIDANCE    1/23/2023  0900 UTC
2023-01-23T10:00Z,True,4.1,086092  NBM V4.1 NBS GUIDANCE    1/23/2023  1000 UTC
2023-01-23T11:00Z,True,4.1,086092  NBM V4.1 NBS GUIDANCE    1/23/2023  1100 UTC
2023-01-23T12:00Z,True,4.1,086092  NBM V4.1 NBS GUIDANCE    1/23/2023  1200 UTC
2023-01-23T13:00Z,True,4.1,086092  NBM V4.1 NBS GUIDANCE    1/23/2023  1300 UTC
2023-01-23T14:00Z,True,4.1,086092  NBM V4.1 NBS GUIDANCE    1/23/2023  1400 UTC
2023-01-23T15:00Z,True,4.1,086092  NBM V4.1 NBS GUIDANCE    1/23/2023  1500 UTC
2023-01-23T16:00Z,True,4.1,086092  NBM V4.1 NBS GUIDANCE    1/23/2023  1600 UTC
2023-01-23T17:00Z,True,4.1,086092  NBM V4.1 NBS GUIDANCE    1/23/2023  1700 UTC
2023-01-23T18:00Z,True,4.1,086092  NBM V4.1 NBS GUIDANCE    1/23/2023  1800 UTC
2023-01-23T19:00Z,True,4.1,086092  NBM V4.1 NBS GUIDANCE    1/23/2023  1900 UTC
2023-01-23T20:00Z,True,4.1,086092  NBM V4.1 NBS GUIDANCE    1/23/2023  2000 UTC
2023-01-23T21:00Z,True,4.1,086092  NBM V4.1 NBS GUIDANCE    1/23/2023  2100 UTC
2023-01-23T22:00Z,True,4.1,086092  NBM V4.1 NBS GUIDANCE    1/23/2023  2200 UTC
2023-01-23T23:00Z,True,4.1,086092  NBM V4.1 NBS GUIDANCE    1/23/2023  2300 UTC
2023-01-24T00:00Z,True,4.1,086092  NBM V4.1 NBS GUIDANCE    1/24/2023  0000 UTC
2023-01-24T01:00Z,True,4.1,086092  NBM V4.1 NBS GUIDANCE    1/24/2023  0100 UTC
2023-01-24T02:00Z,True,4.1,086092  NBM V4.1 NBS GUIDANCE    1/24/2023  0200 UTC
2023-01-24T03:00Z,True,4.1,086092  NBM V4.1 NBS GUIDANCE    1/24/2023  0300 UTC
2023-01-24T04:00Z,True,4.1,086092  NBM V4.1 NBS GUIDANCE    1/24/2023  0400 UTC
2023-01-24T05:00Z,True,4.1,086092  NBM V4.1 NBS GUIDANCE    1/24/2023  0500 UTC
2023-01-24T06:00Z,True,4.1,086092  NBM V4.1 NBS GUIDANCE    1/24/2023  0600 UTC
2023-01-24T07:00Z,True,4.1,086092  NBM V4.1 NBS GUIDANCE    1/24/2023  0700 UTC
2023-01-24T08:00Z,True,4.1,086092  NBM V4.1 NBS GUIDANCE    1/24/2023  0800 UTC
2023-01-24T09:00Z,True,4.1,086092  NBM V4.1 NBS GUIDANCE    1/24/2023  0900 UTC
2023-01-24T10:00Z,True,4.1,086092  NBM V4.1 NBS GUIDANCE    1/24/2023  1000 UTC
2023-01-24T11:00Z,True,4.1,086092  NBM V4.1 NBS GUIDANCE    1/24/2023  1100 UTC
2023-01-24T12:00Z,True,4.1,086092  NBM V4.1 NBS GUIDANCE    1/24/2023  1200 UTC
2023-01-24T13:00Z,True,4.1,086092  NBM V4.1 NBS GUIDANCE    1/24/2023  1300 UTC
2023-01-24T14:00Z,True,4.1,086092  NBM V4.1 NBS GUIDANCE    1/24/2023  1400 UTC
2023-01-24T15:00Z,True,4.1,086092  NBM V4.1 NBS GUIDANCE    1/24/2023  1500 UTC
2023-01-24T16:00Z,True,4.1,086092  NBM V4.1 NBS GUIDANCE    1/24/2023  1600 UTC
2023-01-24T17:00Z,True,4.1,086092  NBM V4.1 NBS GUIDANCE    1/24/2023  1700 UTC
2023-01-24T18:00Z,True,4.1,086092  NBM V4.1 NBS GUIDANCE    1/24/2023  1800 UTC
2023-01-24T19:00Z,True,4.1,086092  NBM V4.1 NBS GUIDANCE    1/24/2023  1900 UTC
2023-01-24T20:00Z,True,4.1,086092  NBM V4.1 NBS GUIDANCE    1/24/2023  2000 UTC
2023-01-24T21:00Z,True,4.1,086092  NBM V4.1 NBS GUIDANCE    1/24/2023  2100 UTC
2023-01-24T22:00Z,True,4.1,086092  NBM V4.1 NBS GUIDANCE    1/24/2023  2200 UTC
2023-01-24T23:00Z,True,4.1,086092  NBM V4.1 NBS GUIDANCE    1/24/2023  2300 UTC
