shape,kind,n_dates,n_blocks,model,variable,lead_day,coverage,rerun_coverage
contiguous:60,contiguous,60,6,pooled,max,1,0.805,
contiguous:60,contiguous,60,6,pooled,max,2,0.809,
contiguous:60,contiguous,60,6,pooled,min,1,0.847,
contiguous:60,contiguous,60,6,pooled,min,2,0.815,
contiguous:60,contiguous,60,6,pooled,min,3,0.835,
contiguous:60,contiguous,60,6,station:KORD,max,1,0.842,
contiguous:60,contiguous,60,6,station:KORD,max,2,0.843,
contiguous:60,contiguous,60,6,station:KMIA,min,1,0.837,
contiguous:60,contiguous,60,6,station:KSEA,min,2,0.843,
contiguous:60,contiguous,60,6,station:KSLC,min,3,0.816,
contiguous:90,contiguous,90,8,pooled,max,1,0.844,
contiguous:90,contiguous,90,8,pooled,max,2,0.839,
contiguous:90,contiguous,90,8,pooled,min,1,0.867,
contiguous:90,contiguous,90,8,pooled,min,2,0.869,
contiguous:90,contiguous,90,8,pooled,min,3,0.853,
contiguous:90,contiguous,90,8,station:KORD,max,1,0.857,
contiguous:90,contiguous,90,8,station:KORD,max,2,0.873,
contiguous:90,contiguous,90,8,station:KMIA,min,1,0.868,
contiguous:90,contiguous,90,8,station:KSEA,min,2,0.879,
contiguous:90,contiguous,90,8,station:KSLC,min,3,0.868,
contiguous:120,contiguous,120,10,pooled,max,1,0.88,
contiguous:120,contiguous,120,10,pooled,max,2,0.861,
contiguous:120,contiguous,120,10,pooled,min,1,0.906,
contiguous:120,contiguous,120,10,pooled,min,2,0.89,
contiguous:120,contiguous,120,10,pooled,min,3,0.862,
contiguous:120,contiguous,120,10,station:KORD,max,1,0.891,
contiguous:120,contiguous,120,10,station:KORD,max,2,0.875,
contiguous:120,contiguous,120,10,station:KMIA,min,1,0.872,
contiguous:120,contiguous,120,10,station:KSEA,min,2,0.907,
contiguous:120,contiguous,120,10,station:KSLC,min,3,0.89,
contiguous:180,contiguous,180,14,pooled,max,1,0.904,
contiguous:180,contiguous,180,14,pooled,max,2,0.879,
contiguous:180,contiguous,180,14,pooled,min,1,0.904,
contiguous:180,contiguous,180,14,pooled,min,2,0.891,
contiguous:180,contiguous,180,14,pooled,min,3,0.909,
contiguous:180,contiguous,180,14,station:KORD,max,1,0.905,
contiguous:180,contiguous,180,14,station:KORD,max,2,0.909,
contiguous:180,contiguous,180,14,station:KMIA,min,1,0.906,
contiguous:180,contiguous,180,14,station:KSEA,min,2,0.892,
contiguous:180,contiguous,180,14,station:KSLC,min,3,0.921,
contiguous:270,contiguous,270,21,pooled,max,1,0.91,
contiguous:270,contiguous,270,21,pooled,max,2,0.904,
contiguous:270,contiguous,270,21,pooled,min,1,0.926,
contiguous:270,contiguous,270,21,pooled,min,2,0.923,
contiguous:270,contiguous,270,21,pooled,min,3,0.92,
contiguous:270,contiguous,270,21,station:KORD,max,1,0.915,
contiguous:270,contiguous,270,21,station:KORD,max,2,0.924,
contiguous:270,contiguous,270,21,station:KMIA,min,1,0.922,
contiguous:270,contiguous,270,21,station:KSEA,min,2,0.922,
contiguous:270,contiguous,270,21,station:KSLC,min,3,0.912,
contiguous:365,contiguous,365,27,pooled,max,1,0.921,
contiguous:365,contiguous,365,27,pooled,max,2,0.911,
contiguous:365,contiguous,365,27,pooled,min,1,0.924,
contiguous:365,contiguous,365,27,pooled,min,2,0.911,
contiguous:365,contiguous,365,27,pooled,min,3,0.921,
contiguous:365,contiguous,365,27,station:KORD,max,1,0.93,
contiguous:365,contiguous,365,27,station:KORD,max,2,0.927,
contiguous:365,contiguous,365,27,station:KMIA,min,1,0.933,
contiguous:365,contiguous,365,27,station:KSEA,min,2,0.914,
contiguous:365,contiguous,365,27,station:KSLC,min,3,0.916,
contiguous:540,contiguous,540,40,pooled,max,1,0.918,
contiguous:540,contiguous,540,40,pooled,max,2,0.894,0.912
contiguous:540,contiguous,540,40,pooled,min,1,0.916,
contiguous:540,contiguous,540,40,pooled,min,2,0.922,
contiguous:540,contiguous,540,40,pooled,min,3,0.94,
contiguous:540,contiguous,540,40,station:KORD,max,1,0.918,
contiguous:540,contiguous,540,40,station:KORD,max,2,0.926,
contiguous:540,contiguous,540,40,station:KMIA,min,1,0.927,
contiguous:540,contiguous,540,40,station:KSEA,min,2,0.93,
contiguous:540,contiguous,540,40,station:KSLC,min,3,0.934,
contiguous:730,contiguous,730,54,pooled,max,1,0.932,
contiguous:730,contiguous,730,54,pooled,max,2,0.917,
contiguous:730,contiguous,730,54,pooled,min,1,0.947,
contiguous:730,contiguous,730,54,pooled,min,2,0.931,
contiguous:730,contiguous,730,54,pooled,min,3,0.938,
contiguous:730,contiguous,730,54,station:KORD,max,1,0.936,
contiguous:730,contiguous,730,54,station:KORD,max,2,0.937,
contiguous:730,contiguous,730,54,station:KMIA,min,1,0.934,
contiguous:730,contiguous,730,54,station:KSEA,min,2,0.922,
contiguous:730,contiguous,730,54,station:KSLC,min,3,0.931,
season:Y1,season,92,7,pooled,max,1,0.86,
season:Y1,season,92,7,pooled,max,2,0.856,
season:Y1,season,92,7,pooled,min,1,0.867,
season:Y1,season,92,7,pooled,min,2,0.859,
season:Y1,season,92,7,pooled,min,3,0.877,
season:Y1,season,92,7,station:KORD,max,1,0.861,
season:Y1,season,92,7,station:KORD,max,2,0.866,
season:Y1,season,92,7,station:KMIA,min,1,0.878,
season:Y1,season,92,7,station:KSEA,min,2,0.86,
season:Y1,season,92,7,station:KSLC,min,3,0.837,
season:Y2,season,184,14,pooled,max,1,0.912,
season:Y2,season,184,14,pooled,max,2,0.885,
season:Y2,season,184,14,pooled,min,1,0.913,
season:Y2,season,184,14,pooled,min,2,0.9,
season:Y2,season,184,14,pooled,min,3,0.896,
season:Y2,season,184,14,station:KORD,max,1,0.916,
season:Y2,season,184,14,station:KORD,max,2,0.924,
season:Y2,season,184,14,station:KMIA,min,1,0.914,
season:Y2,season,184,14,station:KSEA,min,2,0.923,
season:Y2,season,184,14,station:KSLC,min,3,0.923,
season:Y3,season,276,22,pooled,max,1,0.918,
season:Y3,season,276,22,pooled,max,2,0.919,
season:Y3,season,276,22,pooled,min,1,0.928,
season:Y3,season,276,22,pooled,min,2,0.925,
season:Y3,season,276,22,pooled,min,3,0.913,
season:Y3,season,276,22,station:KORD,max,1,0.924,
season:Y3,season,276,22,station:KORD,max,2,0.913,
season:Y3,season,276,22,station:KMIA,min,1,0.916,
season:Y3,season,276,22,station:KSEA,min,2,0.92,
season:Y3,season,276,22,station:KSLC,min,3,0.917,
season:Y4,season,368,30,pooled,max,1,0.903,
season:Y4,season,368,30,pooled,max,2,0.9,
season:Y4,season,368,30,pooled,min,1,0.934,
season:Y4,season,368,30,pooled,min,2,0.924,
season:Y4,season,368,30,pooled,min,3,0.921,
season:Y4,season,368,30,station:KORD,max,1,0.912,
season:Y4,season,368,30,station:KORD,max,2,0.935,
season:Y4,season,368,30,station:KMIA,min,1,0.938,
season:Y4,season,368,30,station:KSEA,min,2,0.92,
season:Y4,season,368,30,station:KSLC,min,3,0.928,
season:Y5,season,460,38,pooled,max,1,0.922,
season:Y5,season,460,38,pooled,max,2,0.918,
season:Y5,season,460,38,pooled,min,1,0.926,
season:Y5,season,460,38,pooled,min,2,0.929,
season:Y5,season,460,38,pooled,min,3,0.915,
season:Y5,season,460,38,station:KORD,max,1,0.917,
season:Y5,season,460,38,station:KORD,max,2,0.925,
season:Y5,season,460,38,station:KMIA,min,1,0.924,
season:Y5,season,460,38,station:KSEA,min,2,0.944,
season:Y5,season,460,38,station:KSLC,min,3,0.924,
season:Y6,season,552,46,pooled,max,1,0.923,
season:Y6,season,552,46,pooled,max,2,0.928,
season:Y6,season,552,46,pooled,min,1,0.927,
season:Y6,season,552,46,pooled,min,2,0.931,
season:Y6,season,552,46,pooled,min,3,0.932,
season:Y6,season,552,46,station:KORD,max,1,0.936,
season:Y6,season,552,46,station:KORD,max,2,0.937,
season:Y6,season,552,46,station:KMIA,min,1,0.92,
season:Y6,season,552,46,station:KSEA,min,2,0.92,
season:Y6,season,552,46,station:KSLC,min,3,0.931,
