phase,date,runtime,sample_size,hits,share
fine,2020-10-01,2020-10-01T13:00Z,573,573,1.0000
fine,2020-09-16,2020-09-16T13:00Z,573,0,0.0000
fine,2020-09-24,2020-09-24T13:00Z,573,0,0.0000
fine,2020-09-28,2020-09-28T13:00Z,573,0,0.0000
fine,2020-09-30,2020-09-30T13:00Z,573,573,1.0000
fine,2020-09-29,2020-09-29T13:00Z,573,573,1.0000
fine,2020-09-29,2020-09-29T13:00Z,573,573,1.0000
fine,2021-06-01,2021-06-01T13:00Z,573,573,1.0000
fine,2022-06-01,2022-06-01T13:00Z,573,573,1.0000
fine,2023-06-01,2023-06-01T13:00Z,573,573,1.0000
fine,2024-06-01,2024-06-01T13:00Z,573,573,1.0000
fine,2025-06-01,2025-06-01T13:00Z,573,573,1.0000
fine,2026-06-01,2026-06-01T12:00Z,573,573,1.0000
