cli_station,icao,label,reason,evidence
K20V,K20V,"KREMMLING, CO",no_six_hour_groups,days_with_2plus_groups=0/3
K33V,K33V,"WALDEN, CO",no_six_hour_groups,days_with_2plus_groups=0/3
K55N,K55N,"ATLANTIC CITY MARINA, NJ",no_asos_observations,days_with_tmpf=0/3
KAPX,KAPX,"GAYLORD  WFO, MI",no_asos_observations,days_with_tmpf=0/3
KBDU,KBDU,"BOULDER AIRPORT, CO",no_six_hour_groups,days_with_2plus_groups=0/3
KCCU,KCCU,"COPPER MTN CO, CO",no_six_hour_groups,days_with_2plus_groups=0/3
KCQT,KCQT,"LOS ANGELES DOWNTOWN/USC, CA",no_asos_observations,days_with_tmpf=0/3
KCXM,KCXM,"Charleston - Downtown, SC",no_nbs_guidance,non_null_txn_runtimes=0/2
KCZZ,KCZZ,"CAMPO (AWRS), CA",no_asos_observations,days_with_tmpf=0/3
KDCP,KDCP,"DENVER CENTRAL PARK, CO",no_nbs_guidance,non_null_txn_runtimes=0/2
KDJT,KDJT,"WEST PALM BEACH, FL",no_nbs_guidance,non_null_txn_runtimes=0/2
KDVF,KDVF,"DEATH VALLEY CA, CA",no_nbs_guidance,non_null_txn_runtimes=0/2
KEKA,KEKA,"EUREKA, CA",no_asos_observations,days_with_tmpf=1/3
KFGF,KFGF,"Grand Forks NWS, ND",no_asos_observations,days_with_tmpf=0/3
KFHM,KFHM,"Los Angeles Downtown/FHM, CA",no_nbs_guidance,non_null_txn_runtimes=0/2
KGYX,KGYX,"Gray NWS, ME",no_asos_observations,days_with_tmpf=0/3
KILX,KILX,"Lincoln NWS, IL",no_asos_observations,days_with_tmpf=0/3
KISN,KISN,"WILLISTON, ND",no_nbs_guidance,non_null_txn_runtimes=0/2
KLHX,KLHX,"LA JUNTA MUNICIPAL, CO",no_asos_observations,days_with_tmpf=1/3
KLOT,KLOT,"ROMEOVILLE/CHI, IL",no_six_hour_groups,days_with_2plus_groups=0/3
KLZK,KLZK,"NORTH LITTLE ROCK, AR",no_asos_observations,days_with_tmpf=0/3
KMEG,KMEG,"Memphis, TN",no_asos_observations,days_with_tmpf=0/3
KMGM,KMGM,"MONTGOMERY/DANNELLY, AL",no_six_hour_groups,days_with_2plus_groups=1/3
KMPX,KMPX,"Minneapolis NWS, MN",no_asos_observations,days_with_tmpf=0/3
KMQT,KMQT,"Marquette, MI",no_asos_observations,days_with_tmpf=0/3
KNUQ,KNUQ,"MOFFETT NAS/MTN VIE, CA",no_six_hour_groups,days_with_2plus_groups=0/3
KOAX,KOAX,"Omaha - Valley, NE",no_asos_observations,days_with_tmpf=0/3
KOTX,KOTX,"Spokane, WA",no_asos_observations,days_with_tmpf=0/3
KRNK,KRNK,"Blacksburg, VA",no_asos_observations,days_with_tmpf=0/3
KSEW,KSEW,"Seattle NWS, WA",no_asos_observations,days_with_tmpf=0/3
KSFD,KSFD,"San Francisco Downtown, CA",no_nbs_guidance,non_null_txn_runtimes=0/2
KSHV,KSHV,"SHREVEPORT REGIONAL, LA",no_six_hour_groups,days_with_2plus_groups=0/3
KSSI,KSSI,"BRUNSWICK/MALCOLM, GA",no_six_hour_groups,days_with_2plus_groups=0/3
KSTO,KSTO,"SACRAMENTO CITY, CA",no_asos_observations,days_with_tmpf=0/3
KTBW,KTBW,"RUSKIN WFO, FL",no_asos_observations,days_with_tmpf=0/3
KUNR,KUNR,"Rapid City, SD",no_asos_observations,days_with_tmpf=0/3
KVPC,KVPC,"CARTERSVILLE AIRPORT, GA",no_six_hour_groups,days_with_2plus_groups=0/3
