station,variable,season,n_windows,n_tiled,tiling_rate,n_hourly_error_pairs,hourly_error_mean,hourly_error_median,hourly_error_p5,hourly_error_p95,n_cli_pairs_a,mean_a_minus_cli,pct_a_within0,pct_a_within1,n_cli_pairs_b,mean_b_minus_cli,pct_b_within0,pct_b_within1
KATL,max,DJF,90,90,1.0,90,-0.6777777777777777,-0.9299999999999997,-1.9710000000000025,0.05100000000000401,89,-1.3146067415730338,0.4157303370786517,0.8426966292134831,89,-0.6397752808988764,0.898876404494382,0.9101123595505618
KATL,max,MAM,92,92,1.0,92,-0.9080434782608687,-0.9599999999999937,-2.0490000000000044,0.060000000000002274,90,-1.268888888888889,0.25555555555555554,0.8,90,-0.36244444444444535,0.9222222222222223,0.9444444444444444
KATL,max,JJA,92,91,0.9891304347826086,91,-0.907692307692307,-0.980000000000004,-2.019999999999996,0.060000000000002274,91,-0.9428571428571428,0.2967032967032967,0.7912087912087912,91,-0.035164835164835824,0.989010989010989,0.989010989010989
KATL,max,SON,91,90,0.989010989010989,90,-0.7346666666666667,-0.9700000000000024,-1.5750000000000077,0.060000000000002274,90,-0.7555555555555555,0.35555555555555557,0.9333333333333333,90,-0.02088888888888876,0.9888888888888889,0.9888888888888889
KATL,min,DJF,90,90,1.0,90,0.3351111111111109,0.03999999999999915,-0.0799999999999983,1.071,89,1.8741573033707866,0.5393258426966292,0.7528089887640449,89,1.535730337078652,0.7640449438202247,0.7640449438202247
KATL,min,MAM,92,92,1.0,92,0.28717391304347933,0.04000000000000625,-0.0799999999999983,1.0600000000000023,90,1.2155555555555557,0.5666666666666667,0.8555555555555555,90,0.9322222222222213,0.8,0.8555555555555555
KATL,min,JJA,92,91,0.9891304347826086,91,0.2852747252747253,0.04000000000000625,-0.0799999999999983,1.0500000000000043,91,0.5692307692307691,0.6043956043956044,0.8901098901098901,91,0.28395604395604374,0.8461538461538461,0.9230769230769231
KATL,min,SON,91,90,0.989010989010989,90,0.37622222222222285,0.04000000000000625,-0.0799999999999983,1.071,90,0.9911111111111112,0.4888888888888889,0.8555555555555555,90,0.6148888888888883,0.8111111111111111,0.9
KBIS,max,DJF,90,86,0.9555555555555556,86,-0.3981395348837211,-0.05000000000000071,-1.0799999999999983,0.08000000000000096,86,-1.9116279069767441,0.4186046511627907,0.7325581395348837,86,-1.513488372093023,0.7441860465116279,0.7674418604651163
KBIS,max,MAM,92,91,0.9891304347826086,91,-0.5879120879120885,-0.9200000000000017,-1.0799999999999983,0.060000000000002274,91,-0.7912087912087912,0.4175824175824176,0.9120879120879121,91,-0.20329670329670274,0.945054945054945,0.9560439560439561
KBIS,max,JJA,92,87,0.9456521739130435,87,-0.7080459770114939,-0.9399999999999977,-1.994000000000001,0.060000000000002274,87,-0.8574712643678161,0.367816091954023,0.8850574712643678,87,-0.14942528735632216,0.9655172413793104,0.9655172413793104
KBIS,max,SON,91,79,0.8681318681318682,79,-0.5574683544303791,-0.0799999999999983,-1.9860000000000029,0.060000000000002274,79,-0.9746835443037974,0.45569620253164556,0.8481012658227848,79,-0.4172151898734183,0.8987341772151899,0.9367088607594937
KBIS,min,DJF,90,86,0.9555555555555556,86,0.7544186046511624,0.0799999999999983,-0.05999999999999783,2.919999999999998,86,2.8372093023255816,0.26744186046511625,0.46511627906976744,86,2.0827906976744193,0.5813953488372093,0.627906976744186
KBIS,min,MAM,92,91,0.9891304347826086,91,0.9090109890109885,0.9600000000000009,-0.060000000000002274,2.5,91,1.9032967032967032,0.25274725274725274,0.5824175824175825,91,0.9942857142857148,0.7472527472527473,0.7692307692307693
KBIS,min,JJA,92,88,0.9565217391304348,88,0.6325000000000004,0.0799999999999983,-0.0799999999999983,2.0729999999999995,88,1.3522727272727273,0.4431818181818182,0.6704545454545454,88,0.719772727272727,0.7840909090909091,0.8295454545454546
KBIS,min,SON,91,79,0.8681318681318682,79,0.8164556962025317,0.5399999999999991,-0.0799999999999983,2.9799999999999973,79,2.0025316455696203,0.27848101265822783,0.5063291139240507,79,1.1860759493670885,0.6708860759493671,0.7721518987341772
KBOS,max,DJF,90,88,0.9777777777777777,88,-0.43227272727272775,-0.03999999999999915,-1.0799999999999983,0.0799999999999983,88,-0.75,0.5,0.8863636363636364,88,-0.31772727272727225,0.8636363636363636,0.9204545454545454
KBOS,max,MAM,92,89,0.967391304347826,89,-0.6660674157303375,-0.9599999999999937,-1.584,0.05200000000000375,87,-1.264367816091954,0.3448275862068966,0.8390804597701149,87,-0.5940229885057469,0.8735632183908046,0.896551724137931
KBOS,max,JJA,92,90,0.9782608695652174,90,-0.7580000000000007,-0.9399999999999977,-2.030999999999994,0.0799999999999983,90,-0.8666666666666667,0.35555555555555557,0.8,90,-0.10866666666666605,0.9111111111111111,0.9444444444444444
KBOS,max,SON,91,91,1.0,91,-0.651868131868132,-0.9399999999999977,-1.9499999999999957,0.05000000000000426,91,-0.8747252747252747,0.38461538461538464,0.8681318681318682,91,-0.22285714285714278,0.9230769230769231,0.945054945054945
KBOS,min,DJF,90,88,0.9777777777777777,88,0.31318181818181823,0.03999999999999915,-0.0799999999999983,1.0600000000000023,88,1.7636363636363637,0.48863636363636365,0.6818181818181818,88,1.4504545454545454,0.6363636363636364,0.6590909090909091
KBOS,min,MAM,92,88,0.9565217391304348,88,0.36045454545454536,0.0400000000000027,-0.0799999999999983,1.6259999999999932,86,1.458139534883721,0.5,0.7093023255813954,86,1.0902325581395351,0.6046511627906976,0.7674418604651163
KBOS,min,JJA,92,88,0.9565217391304348,88,0.4395454545454545,0.060000000000002274,-0.0799999999999983,1.0799999999999983,88,0.9954545454545455,0.48863636363636365,0.7840909090909091,88,0.5559090909090909,0.6818181818181818,0.8295454545454546
KBOS,min,SON,91,91,1.0,91,0.28087912087912104,0.03999999999999915,-0.0799999999999983,1.0600000000000023,91,1.0285714285714287,0.5384615384615384,0.8131868131868132,91,0.7476923076923075,0.7692307692307693,0.8351648351648352
KDEN,max,DJF,90,90,1.0,90,-0.6971111111111115,-0.9200000000000017,-1.9640000000000009,0.0799999999999983,90,-1.0755555555555556,0.34444444444444444,0.8444444444444444,90,-0.37844444444444414,0.8777777777777778,0.8888888888888888
KDEN,max,MAM,92,91,0.9891304347826086,91,-1.0830769230769224,-1.0,-2.0600000000000023,0.0400000000000027,91,-1.1076923076923078,0.21978021978021978,0.7252747252747253,91,-0.024615384615385184,0.978021978021978,1.0
KDEN,max,JJA,92,91,0.9891304347826086,91,-1.276043956043956,-1.0600000000000023,-2.990000000000002,0.02999999999999403,91,-1.2835164835164834,0.18681318681318682,0.6153846153846154,91,-0.007472527472527391,0.989010989010989,1.0
KDEN,max,SON,91,90,0.989010989010989,90,-0.7597777777777772,-0.9599999999999937,-2.010999999999998,0.04000000000000625,90,-0.9555555555555556,0.3888888888888889,0.8222222222222222,90,-0.1957777777777782,0.9555555555555556,0.9666666666666667
KDEN,min,DJF,90,90,1.0,90,1.1911111111111112,1.0,-0.0799999999999983,3.5879999999999983,90,3.037777777777778,0.17777777777777778,0.4444444444444444,90,1.8466666666666665,0.5222222222222223,0.6
KDEN,min,MAM,92,91,0.9891304347826086,91,1.2870329670329665,1.0399999999999991,-0.0799999999999983,3.9999999999999964,91,2.1362637362637362,0.15384615384615385,0.5384615384615384,91,0.8492307692307697,0.6043956043956044,0.6813186813186813
KDEN,min,JJA,92,91,0.9891304347826086,91,1.1349450549450546,0.9799999999999969,-0.03999999999999915,2.950000000000003,91,1.7472527472527473,0.31868131868131866,0.6263736263736264,91,0.6123076923076924,0.7912087912087912,0.8571428571428571
KDEN,min,SON,91,90,0.989010989010989,90,1.312444444444444,0.9799999999999986,-0.060000000000002274,4.0619999999999985,90,2.5044444444444447,0.2222222222222222,0.5,90,1.1920000000000004,0.7111111111111111,0.7666666666666667
KMIA,max,DJF,90,84,0.9333333333333333,84,-0.7247619047619044,-0.9599999999999937,-2.019999999999996,0.060000000000002274,84,-0.9642857142857143,0.35714285714285715,0.8809523809523809,84,-0.23952380952380992,0.9761904761904762,0.9761904761904762
KMIA,max,MAM,92,88,0.9565217391304348,88,-0.7184090909090896,-0.9499999999999957,-1.6199999999999903,0.060000000000002274,86,-0.7348837209302325,0.32558139534883723,0.9302325581395349,86,-0.010930232558140665,1.0,1.0
KMIA,max,JJA,92,89,0.967391304347826,89,-0.8240449438202243,-0.960000000000008,-2.031999999999994,0.05199999999999807,87,-0.8505747126436781,0.28735632183908044,0.8850574712643678,87,-0.019080459770115393,0.9885057471264368,1.0
KMIA,max,SON,91,87,0.9560439560439561,87,-0.8450574712643679,-0.9599999999999937,-2.0600000000000023,0.03999999999999204,87,-0.845977011494253,0.3218390804597701,0.8505747126436781,87,-0.0009195402298850379,1.0,1.0
KMIA,min,DJF,90,82,0.9111111111111111,82,0.4348780487804874,0.060000000000002274,-0.0799999999999983,1.0799999999999983,82,0.7926829268292683,0.524390243902439,0.8414634146341463,82,0.35780487804878086,0.8536585365853658,0.9146341463414634
KMIA,min,MAM,92,86,0.9347826086956522,86,0.4832558139534885,0.060000000000002274,-0.07499999999999929,1.0799999999999983,84,0.9619047619047618,0.4523809523809524,0.8571428571428571,84,0.4688095238095237,0.8690476190476191,0.8928571428571429
KMIA,min,JJA,92,88,0.9565217391304348,88,0.5824999999999997,0.5,-0.060000000000002274,1.917,87,0.928735632183908,0.42528735632183906,0.7931034482758621,87,0.36229885057471295,0.7471264367816092,0.8735632183908046
KMIA,min,SON,91,84,0.9230769230769231,84,0.5366666666666665,0.0799999999999983,-0.0799999999999983,1.9539999999999946,84,0.7238095238095239,0.4642857142857143,0.8095238095238095,84,0.18714285714285747,0.8214285714285714,0.9047619047619048
KMSP,max,DJF,90,90,1.0,90,-0.4053333333333332,-0.05999999999999872,-1.0600000000000023,0.0799999999999983,90,-0.8644444444444445,0.5333333333333333,0.8777777777777778,90,-0.45911111111111125,0.8666666666666667,0.8888888888888888
KMSP,max,MAM,92,91,0.9891304347826086,91,-0.6006593406593401,-0.9399999999999977,-1.0800000000000054,0.07000000000000028,91,-0.8571428571428571,0.3956043956043956,0.8901098901098901,91,-0.25648351648351697,0.9010989010989011,0.9340659340659341
KMSP,max,JJA,92,88,0.9565217391304348,88,-0.7361363636363627,-0.9399999999999977,-1.9930000000000014,0.060000000000002274,88,-0.9431818181818182,0.3409090909090909,0.8522727272727273,88,-0.20704545454545542,0.9545454545454546,0.9659090909090909
KMSP,max,SON,91,86,0.945054945054945,86,-0.5502325581395351,-0.0800000000000125,-1.7400000000000038,0.060000000000002274,86,-0.7325581395348837,0.46511627906976744,0.8837209302325582,86,-0.18232558139534855,0.9302325581395349,0.9418604651162791
KMSP,min,DJF,90,90,1.0,90,0.5375555555555558,0.07000000000000028,-0.0799999999999983,1.633999999999996,90,3.086666666666667,0.32222222222222224,0.6333333333333333,90,2.549111111111111,0.5888888888888889,0.6888888888888889
KMSP,min,MAM,92,90,0.9782608695652174,90,0.41844444444444406,0.03999999999999915,-0.0799999999999983,1.5419999999999978,90,1.3333333333333333,0.4888888888888889,0.7666666666666667,90,0.9148888888888892,0.8,0.8333333333333334
KMSP,min,JJA,92,90,0.9782608695652174,90,0.3435555555555563,0.0400000000000027,-0.0799999999999983,1.071,90,1.068888888888889,0.5333333333333333,0.8333333333333334,90,0.7253333333333326,0.8111111111111111,0.8555555555555555
KMSP,min,SON,91,89,0.978021978021978,89,0.38629213483146096,0.060000000000002274,-0.0799999999999983,1.060000000000001,89,1.8606741573033707,0.42696629213483145,0.7191011235955056,89,1.4743820224719097,0.7191011235955056,0.7528089887640449
KOKC,max,DJF,90,90,1.0,90,-0.6033333333333333,-0.5,-2.0,0.0799999999999983,90,-1.3222222222222222,0.4444444444444444,0.8222222222222222,90,-0.718888888888889,0.9,0.9
KOKC,max,MAM,92,91,0.9891304347826086,91,-0.7017582417582424,-0.9399999999999977,-1.980000000000004,0.04000000000000625,91,-1.221978021978022,0.38461538461538464,0.8021978021978022,91,-0.5202197802197797,0.8901098901098901,0.9230769230769231
KOKC,max,JJA,92,87,0.9456521739130435,87,-0.644827586206897,-0.9399999999999977,-1.0800000000000125,0.04000000000000199,84,-0.6904761904761905,0.4166666666666667,0.9761904761904762,84,-0.07071428571428517,0.9880952380952381,0.9880952380952381
KOKC,max,SON,91,90,0.989010989010989,90,-0.6411111111111102,-0.9399999999999977,-1.9510000000000034,0.0799999999999983,90,-0.7777777777777778,0.4444444444444444,0.8666666666666667,90,-0.13666666666666757,0.9555555555555556,0.9555555555555556
KOKC,min,DJF,90,90,1.0,90,0.6493333333333334,0.0799999999999983,-0.0799999999999983,2.039999999999999,90,2.3266666666666667,0.35555555555555557,0.6444444444444445,90,1.6773333333333333,0.7,0.7555555555555555
KOKC,min,MAM,92,90,0.9782608695652174,90,0.5417777777777776,0.060000000000002274,-0.0799999999999983,2.0600000000000023,90,1.4777777777777779,0.45555555555555555,0.7222222222222222,90,0.9360000000000002,0.7888888888888889,0.8111111111111111
KOKC,min,JJA,92,86,0.9347826086956522,86,0.3465116279069767,0.04000000000000625,-0.07499999999999929,1.0550000000000033,83,0.5493975903614458,0.6746987951807228,0.9156626506024096,83,0.21349397590361444,0.9397590361445783,0.9397590361445783
KOKC,min,SON,91,90,0.989010989010989,90,0.6937777777777776,0.9399999999999977,-0.059999999999999075,2.0439999999999987,90,1.5733333333333333,0.3111111111111111,0.7333333333333333,90,0.8795555555555556,0.7888888888888889,0.8111111111111111
KORD,max,DJF,90,87,0.9666666666666667,87,-0.25540229885057497,-0.03999999999999915,-1.0399999999999991,0.0799999999999983,87,-0.8597701149425288,0.6781609195402298,0.8850574712643678,87,-0.6043678160919538,0.8850574712643678,0.896551724137931
KORD,max,MAM,92,92,1.0,92,-0.602608695652174,-0.9199999999999946,-1.98,0.060000000000002274,92,-0.9130434782608695,0.44565217391304346,0.8478260869565217,92,-0.3104347826086955,0.9130434782608695,0.9347826086956522
KORD,max,JJA,92,92,1.0,92,-0.7043478260869551,-0.9199999999999946,-1.989000000000002,0.060000000000002274,92,-0.7956521739130435,0.391304347826087,0.8695652173913043,92,-0.09130434782608841,0.967391304347826,0.9891304347826086
KORD,max,SON,91,89,0.978021978021978,89,-0.5995505617977532,-0.9200000000000017,-1.9399999999999977,0.060000000000002274,89,-0.7415730337078652,0.4606741573033708,0.8764044943820225,89,-0.14202247191011189,0.9438202247191011,0.9662921348314607
KORD,min,DJF,90,89,0.9888888888888889,89,0.22539325842696645,0.020000000000003126,-0.0799999999999983,1.0399999999999991,89,1.642696629213483,0.48314606741573035,0.6853932584269663,89,1.4173033707865168,0.6067415730337079,0.6853932584269663
KORD,min,MAM,92,92,1.0,92,0.42847826086956486,0.060000000000002274,-0.0799999999999983,1.0600000000000023,92,1.7934782608695652,0.34782608695652173,0.6739130434782609,92,1.3650000000000004,0.6304347826086957,0.7282608695652174
KORD,min,JJA,92,92,1.0,92,0.3326086956521742,0.04000000000000625,-0.0799999999999983,1.0799999999999983,92,1.2521739130434784,0.41304347826086957,0.7391304347826086,92,0.919565217391304,0.6847826086956522,0.7934782608695652
KORD,min,SON,91,90,0.989010989010989,90,0.3011111111111112,0.04000000000000625,-0.0799999999999983,1.0600000000000023,90,1.288888888888889,0.5111111111111111,0.8,90,0.9877777777777776,0.7555555555555555,0.8222222222222222
KPHX,max,DJF,90,89,0.9888888888888889,89,-0.8629213483146068,-0.960000000000008,-2.011999999999998,0.05200000000000375,89,-0.8651685393258427,0.29213483146067415,0.8426966292134831,89,-0.0022471910112360667,1.0,1.0
KPHX,max,MAM,92,90,0.9782608695652174,90,-1.2271111111111093,-1.019999999999996,-2.9199999999999875,0.010999999999997755,90,-1.2777777777777777,0.18888888888888888,0.6777777777777778,90,-0.05066666666666843,0.9777777777777777,0.9888888888888889
KPHX,max,JJA,92,91,0.9891304347826086,91,-1.1775824175824179,-1.019999999999996,-2.0800000000000125,0.01999999999999602,91,-1.2087912087912087,0.15384615384615385,0.6923076923076923,91,-0.031208791208790936,0.978021978021978,0.989010989010989
KPHX,max,SON,91,89,0.978021978021978,89,-1.0175280898876409,-0.980000000000004,-2.052000000000004,0.05199999999999807,89,-1.0224719101123596,0.21348314606741572,0.7752808988764045,89,-0.004943820224718597,1.0,1.0
KPHX,min,DJF,90,89,0.9888888888888889,89,0.837752808988764,0.9600000000000009,-0.060000000000002274,2.0200000000000005,89,0.9887640449438202,0.3258426966292135,0.8202247191011236,89,0.15101123595505622,0.9662921348314607,0.9775280898876404
KPHX,min,MAM,92,92,1.0,92,0.497608695652174,0.07000000000000028,-0.060000000000002274,1.0799999999999983,92,0.7565217391304347,0.5217391304347826,0.9239130434782609,92,0.2589130434782608,0.9347826086956522,0.9565217391304348
KPHX,min,JJA,92,91,0.9891304347826086,91,0.5079120879120878,0.0799999999999983,-0.07000000000000028,1.0800000000000125,91,1.010989010989011,0.46153846153846156,0.8901098901098901,91,0.5030769230769232,0.9230769230769231,0.9230769230769231
KPHX,min,SON,91,89,0.978021978021978,89,0.435280898876405,0.04000000000000625,-0.05999999999999943,1.9200000000000017,89,0.7910112359550561,0.5393258426966292,0.8539325842696629,89,0.3557303370786511,0.8651685393258427,0.9101123595505618
KSEA,max,DJF,90,90,1.0,90,-0.37755555555555614,-0.03999999999999915,-1.0799999999999983,0.0799999999999983,90,-0.5333333333333333,0.6444444444444445,0.9222222222222223,90,-0.15577777777777718,0.9333333333333333,0.9555555555555556
KSEA,max,MAM,92,92,1.0,92,-0.7443478260869562,-0.9499999999999957,-2.0580000000000025,0.060000000000002274,90,-0.7777777777777778,0.37777777777777777,0.8777777777777778,90,-0.027777777777778092,0.9888888888888889,0.9888888888888889
KSEA,max,JJA,92,92,1.0,92,-0.8623913043478261,-0.980000000000004,-2.008999999999998,0.028999999999994287,92,-0.8586956521739131,0.2608695652173913,0.8804347826086957,92,0.0036956521739130803,1.0,1.0
KSEA,max,SON,91,90,0.989010989010989,90,-0.6324444444444444,-0.9200000000000017,-2.019999999999996,0.07100000000000004,90,-0.7333333333333333,0.4,0.8888888888888888,90,-0.10088888888888894,0.9333333333333333,0.9777777777777777
KSEA,min,DJF,90,90,1.0,90,0.47133333333333327,0.060000000000002274,-0.0799999999999983,1.9709999999999985,90,0.6555555555555556,0.5111111111111111,0.8111111111111111,90,0.18422222222222231,0.8,0.8777777777777778
KSEA,min,MAM,92,92,1.0,92,0.5397826086956514,0.0799999999999983,-0.06900000000000049,1.9579999999999975,90,1.0866666666666667,0.4,0.7555555555555555,90,0.5462222222222229,0.8,0.8555555555555555
KSEA,min,JJA,92,92,1.0,92,0.5117391304347823,0.03999999999999915,-0.0799999999999983,2.057999999999999,92,0.5978260869565217,0.5652173913043478,0.8695652173913043,92,0.08608695652173953,0.9347826086956522,0.9782608695652174
KSEA,min,SON,91,90,0.989010989010989,90,0.4379999999999998,0.0799999999999983,-0.0799999999999983,1.607999999999996,90,1.0377777777777777,0.37777777777777777,0.7222222222222222,90,0.599777777777778,0.6888888888888889,0.8
KSFO,max,DJF,90,89,0.9888888888888889,89,-0.5937078651685391,-0.0799999999999983,-2.0200000000000005,0.04000000000000625,89,-0.5955056179775281,0.5168539325842697,0.9325842696629213,89,-0.0017977528089889651,0.9887640449438202,1.0
KSFO,max,MAM,92,89,0.967391304347826,89,-0.9105617977528095,-0.980000000000004,-2.011999999999998,0.04000000000000625,87,-0.9172413793103449,0.22988505747126436,0.8620689655172413,87,-0.008965517241378833,1.0,1.0
KSFO,max,JJA,92,92,1.0,92,-0.9736956521739125,-0.980000000000004,-2.0799999999999983,0.03799999999999895,92,-0.967391304347826,0.2826086956521739,0.7934782608695652,92,0.006304347826086397,1.0,1.0
KSFO,max,SON,91,90,0.989010989010989,90,-0.9071111111111113,-0.980000000000004,-2.062000000000002,0.060000000000002274,88,-0.9431818181818182,0.32954545454545453,0.8068181818181818,88,-0.038409090909090615,0.9886363636363636,0.9886363636363636
KSFO,min,DJF,90,89,0.9888888888888889,89,0.7125842696629208,0.9200000000000017,-0.03999999999999915,2.031999999999998,89,1.0247191011235954,0.33707865168539325,0.7191011235955056,89,0.3121348314606747,0.797752808988764,0.8314606741573034
KSFO,min,MAM,92,91,0.9891304347826086,91,0.25362637362637375,0.03999999999999915,-0.0799999999999983,1.0599999999999987,89,0.6359550561797753,0.47191011235955055,0.8314606741573034,89,0.3871910112359549,0.8202247191011236,0.8764044943820225
KSFO,min,JJA,92,92,1.0,92,0.2063043478260863,0.019999999999999574,-0.060000000000002274,1.0399999999999991,92,0.358695652173913,0.6847826086956522,0.9456521739130435,92,0.15239130434782674,0.8804347826086957,0.9565217391304348
KSFO,min,SON,91,91,1.0,91,0.30043956043956055,0.03999999999999915,-0.0799999999999983,1.0700000000000003,89,0.4157303370786517,0.6179775280898876,0.9101123595505618,89,0.10876404494382007,0.8426966292134831,0.9438202247191011
KSLC,max,DJF,90,71,0.7888888888888889,71,-0.5915492957746482,-0.9200000000000017,-1.9499999999999957,0.0799999999999983,71,-0.8507042253521127,0.4788732394366197,0.8732394366197183,71,-0.25915492957746455,0.9577464788732394,0.971830985915493
KSLC,max,MAM,92,79,0.8586956521739131,79,-0.7924050632911386,-0.9599999999999937,-2.0020000000000002,0.060000000000002274,79,-0.8607594936708861,0.35443037974683544,0.8860759493670886,79,-0.06835443037974753,0.9620253164556962,0.9873417721518988
KSLC,max,JJA,92,92,1.0,92,-0.7110869565217391,-0.9600000000000009,-1.969000000000006,0.060000000000002274,92,-0.7065217391304348,0.391304347826087,0.9021739130434783,92,0.004565217391304366,1.0,1.0
KSLC,max,SON,91,91,1.0,91,-0.618021978021978,-0.9399999999999977,-1.0800000000000054,0.060000000000002274,91,-0.8131868131868132,0.4065934065934066,0.9230769230769231,91,-0.1951648351648352,0.967032967032967,0.967032967032967
KSLC,min,DJF,90,71,0.7888888888888889,71,0.423661971830986,0.03999999999999915,-0.0799999999999983,1.0700000000000003,71,1.1774647887323944,0.39436619718309857,0.8169014084507042,71,0.7538028169014083,0.7183098591549296,0.8450704225352113
KSLC,min,MAM,92,79,0.8586956521739131,79,0.7908860759493669,0.9399999999999977,-0.062000000000001866,2.0620000000000016,79,1.5873417721518988,0.3037974683544304,0.7468354430379747,79,0.7964556962025318,0.810126582278481,0.8607594936708861
KSLC,min,JJA,92,92,1.0,92,0.9082608695652179,0.9599999999999937,-0.060000000000002274,2.9560000000000013,92,1.4130434782608696,0.30434782608695654,0.717391304347826,92,0.5047826086956518,0.8695652173913043,0.9239130434782609
KSLC,min,SON,91,91,1.0,91,0.5795604395604395,0.9200000000000017,-0.0799999999999983,1.9899999999999984,91,1.3956043956043955,0.37362637362637363,0.7802197802197802,91,0.8160439560439562,0.8021978021978022,0.8571428571428571
